1,AmericanSwan,DORCH NAVY SHIRT,1099,Men clothes,138.00
2,Koovs,BEING HUMAN Oil Wash Henley T-Shirt,1200,Men clothes,245.00
3,Basics Life,Basics Yellow Checks Shirts,1129,Men clothes,360.00
4,Jabong,Arrow Blue Slim Fit Formal Shirt,1099,Men clothes,79.12
5,Voxpop Clothing,Stylish Jeans Shirt,1000,Men clothes,180.00
6,Biba,Black Cotton Kalidar Suit,2000,Women clothes,220.00
7,fab alley,LACE LOVE BODYCON DRESS - BLACK,2000,Women clothes,315.00
8,Limeroad,printed yellow cotton salwar suit,2200,Women clothes,320.00
9,high5store,SOPHIE PEACH GEORGETTE DESIGNER SAREE,2100,Women clothes,185.00
10,The Gud Look,Pack Of 2 Multi Printed Shirt,2099,Women clothes,367.30
11,Flipkart,HP 15-ac052TX (Notebook),25000,lpy-mobile,425.00
12,Amazom,HP 15-ac052TX (Notebook),25000,lpy-mobile,900.00
13,Paytm,HP 15-r250TU (Notebook),25000,lpy-mobile,462.50
14,Snapdeal,Samsung Galaxy S4 White,13999,lpy-mobile,175.00
15,The Mobile Store,Samsung Galaxy S4 Black,13999,lpy-mobile,350.00
16,Shopclues,Sony Xperia E4,13000,lpy-mobile,175.50
17,AskmeBazar,Shoe Club 005 Forest Mens Shoes,1470,Footwear-m,45.00
18,BagitToday,Wrangler Men Boots0,1599,Footwear-m,158.30
19,Shopnineteen,CLASSY BLACK HEELS,1499,footwear-f,144.00
20,ShoppingIndiatimes,Crowcia Blue Men Boots,1399,footweae-m,126.00
21,Flipkart,Bacca Bucci Outlandish men steel toe Booots,1600,footweae-m,112.00
22,Amazon,Weges Heel Delux Black Sandal,1599,footwear-f,144.00
23,Limeroad,blue embellished suede sandals,1600,footwear-f,320.00
24,Babyoye,Half Sleeves Embroidered Organza Dress With Bow,650,baby,99.00
25,Babyhugz,Zero Stripes Half Sleeves Tee With Shorts,700,baby,94.00
26,Firstcry,Snuggles Boys Sleeveless Printed Romper,600,baby,27.00
27,KinderCart,Sleeveless Sequin Studded Frock - Navy Blue,850,baby,130.00
28,Kapkids,Full Sleeves Shirt And Waistcoat Set,800,baby,250.00
29,ArchiesOnline,Mens Grooming Kit,1599,gifts,200.00
30,ArchiesOnline,LOVELY COSMETICS HAMPER,1800,gifts,226.80
31,BookmyFlowers,Delightful Divine,949,flowers,99.60
32,fernsnpetals,Roses N Cake,978,flowers,127.14
33,Nykaa,Bentley For Men Azure Eau De Toilette,1499,gifts,105.00
34,GiftsByMeeta,Cute Teddy N Basket,1329,gifts,148.80
35,Pepperfry,SEJ By Nisha Gupta Pink Floral Double Bed Sheet Set,519,others,46.71
36,ArtisanGilt,Gold Finish Crystal Bangle Set,871,Jewellery,315.00
37,Bluestone,Stone Studded Earrings With A Pearl Dr,1100,Jewellery,13.20
38,Candere,Silver Finish Pendant,1200,Jewellery,180.00
39,SuratDiamond,Stone & Pearl Studded Ring,1119,Jewellery,141.00
40,Paytm,Rechage your Phone,500,Recharge,10.50
41,Freechagrge,Rechage your Phone,500,Recharge,9.00
42,Mobikwik,Rechage your Phone,200,Recharge,4.00
43,Airtel,Rechage your Phone,200,Recharge,10.00
44,MyBusTicket,Book Bus Ticket,800,Travel,37.00
61,TicketGoose,Book Bus Ticket,800,Travel,54.00
45,Clovia,"3 Pcs Set Of Bra, Panty And Night Slip in Black",899,lingerie ,202.20
46,Zimavi,Rose Bloom Sleeveless Top and Pyjama Set,1199,lingerie ,210.00
47,Pepperfry,Handecor Dancing Ganesha,450,Home-décor,40.50
48,Amzer,2.5 mm Stereo Hybrid Headset,349,electronics,65.00
49,Campus Sutra,Campus Sutra Nobody Likes Me,399,others,125.00
50,Fab Furnish,"Mode Glass Vases Green, Set of Three Pieces",445,others,28.00
51,Evok,Nine In One Wooden Finish Collage Photo Frame,700,others,125.00
52,Happily Unmarried,Bhains Ki Aankh Moto G(Gen 2) Hard Case,700,electronics,88.00
53,Health Kart,Fat Burner,412,med,20.60
54,Lenskart,RAY-BAN SUNGLASSES,1000,styl,157.50
55,Printvenue,Wall Clock - Ticker,699,others,157.00
56,Printland,Modern Black Beauty Pen,149,styl,60.00
57,Prettysecrets, Ultra Boost Multiway Push Up Bra,699,lingerie ,315.00
58,Flipkart,LG GL- B205KWCL 190 L Single Door Refrigerator,12472,electronics,436.52
59,Amazon,Onida W122TRD 1 Ton 2 Star Window AC,13999,electronics,504.00
60,Paytm,Whirlpool MINERALA 90 PLATINUM 8.5 L RO Water Purifier (White),11200,electronics,207.00
